{"cameraMode":{"drawMode":0,"name":"Shaded","section":"Shading Mode"},"sceneLighting":true,"audioPlay":false,"sceneViewState":{"m_AlwaysRefresh":false,"showFog":true,"showSkybox":true,"showFlares":true,"showImageEffects":true,"showParticleSystems":true,"showVisualEffectGraphs":true,"m_FxEnabled":true},"in2DMode":false,"pivot":{"x":-6.013229846954346,"y":-0.9220371246337891,"z":0.24863624572753907},"rotation":{"x":-0.2306692749261856,"y":-0.018392112106084825,"z":0.004358855076134205,"w":-0.972837507724762},"size":19.18933868408203,"orthographic":false}